{"CRPS": [[1.2498542714856826, 1.3518249615210551, 0.9058067899985597, 1.6424437585064593, 0.643538095737455, 0.928838582406755, 0.0710504774194503], [1.4824747037714823, 1.7289269572782877, 0.8623645524625962, 1.8645235775238707, 0.6041836173177719, 0.8587606281138545, 0.06378772066544085], [1.2809975892881948, 1.367269667195803, 0.8313246917899219, 1.3731941997299173, 0.5168439183870639, 0.8508043590649791, 0.06209178904321982], [1.3058668448116664, 1.3118248550507523, 0.8294480376990891, 1.2993403227788476, 0.6127012760352143, 0.853173249890549, 0.06976632314327173], [1.523273373319019, 1.866589480465216, 0.8377752665593562, 1.9278633264229075, 0.6321507738640598, 0.8512371632328427, 0.06961389480909688]], "ES": [[-5.347214020455954], [7.809893436696147], [-6.191076241990435], [-14.781635992756346], [14.947231636377488]], "VS": [0.5907062474671076, 0.5576941560284382, 4.656853887821221, 1.5613132277741402, 1.4325613986537722]}