{"CRPS": [[1.3472283940187462, 4.229942429241861, 4.173054609296927, 6.689623167638751, 3.9133847118177583, 4.859124127041977, 4.1782505585994825], [1.4365832044126263, 4.020498952312524, 3.6669899035192137, 6.171068773104114, 3.867444665618805, 4.675259464131437, 4.093527535197693], [1.3842432200525983, 4.038518863014225, 3.8125402494904663, 5.578691643326023, 3.3368661034336684, 5.007633495173894, 3.5460166867981378], [1.494387405532233, 3.5252275627957714, 3.4381515860885266, 5.534900279325217, 3.84033888218613, 4.589131253185806, 4.1278690050227], [1.563444748046225, 3.783349799664071, 3.368652927356694, 6.130294193727081, 3.9745094265194303, 4.460847497739211, 4.319374084622272]], "ES": [[233.62220999407234], [197.50150496916984], [79.37451446166122], [114.7350979058398], [143.08982723757555]], "VS": [1000.4533582959048, 1083.4440731576724, 950.3419618305068, 1180.6545121103807, 1127.1844014540668]}