{"CRPS": [[1.1906106846023268, 2.9426485562590203, 2.9062022922468804, 5.711371687389428, 3.976444099167222, 4.261920533447703, 4.831006220865947], [1.1958166488628468, 2.838378882943563, 2.852454754016133, 5.34710310403063, 3.924321113852333, 4.567578219054582, 4.481029291545513], [1.2761482699789413, 3.6607364503921236, 3.4900622701509603, 6.492295040685869, 4.100090437215153, 4.413545351747929, 4.832352002766546], [1.3196057627863202, 3.319873190020209, 3.1901463542991233, 5.815984862609334, 3.8529867430419125, 4.5473843898249475, 4.500452786192056], [1.1623208577905888, 3.5214769292128385, 3.3181474679294896, 5.879040708961118, 3.768949734560185, 4.704508554807798, 4.47960274557955]], "ES": [[192.24834947901405], [126.79924333825288], [246.19789404621207], [175.84801769128813], [209.74472032160392]], "VS": [1332.6275695796626, 1188.0936180236965, 1296.6031361944445, 1183.1396453682228, 1057.4346264570158]}