{"CRPS": [[1.5319579269766732, 1.6180819869901761, 1.423285709503264, 1.1661035298527276, 1.6788255774848997, 2.6906663231566235, 0.6784272449185232], [1.178032703355094, 1.4618322756911601, 1.3700958683155389, 0.8939704688857941, 1.8194288387153132, 2.699602379417273, 0.6273003288452231], [1.3839448779347194, 1.374204353753717, 1.5246039113690262, 0.9947835131540582, 1.7439041999629215, 2.724727756287192, 0.6616803381539429], [1.1123366638403636, 1.3615714929603515, 1.5086710040043159, 0.8715392166799365, 1.7345494974533233, 2.7888909237555946, 0.6324089582361201], [1.2987255571612595, 1.3961129028786732, 1.4708738936518944, 0.9300981290576087, 1.6996076201601538, 2.7458696897475647, 0.6877518150879728]], "ES": [[35.32932816282459], [25.959369520535052], [31.568059827727442], [26.121242340595316], [31.387873484005322]], "VS": [188.34199944009973, 199.49643823010157, 190.9458494738189, 198.06480775853163, 190.97070992886435]}