{"CRPS": [[1.3757151544193338, 2.8192458245938363, 4.267470561354863, 8.233710522124955, 5.8803635491862085, 2.992813956207205, 8.83481458905079], [1.3033875712444896, 2.828179299059345, 4.193020297085853, 8.334413136457849, 5.8173113407592805, 3.044723566966834, 8.827346600348664], [1.2725426217505247, 2.743386638372839, 4.221088318198826, 8.435452817221677, 5.894618073044374, 3.070464593666603, 8.830162059321442], [1.25599972002902, 2.577537286461782, 4.276417784598738, 8.041720942097502, 5.916151418145314, 3.082854344279491, 8.835712070916795], [1.2299783165624008, 2.6283848419932774, 4.238615549699583, 8.133598318503052, 5.758761116999664, 3.0627982715145246, 8.83192018829671]], "ES": [[326.18994072636883], [326.5126689944296], [322.64008716433926], [319.9463430918046], [314.5590447384077]], "VS": [2217.3592593207063, 2244.476866341376, 2240.3268663794674, 2190.035538565298, 2218.638453625738]}