{"CRPS": [[1.4442924817616671, 1.963702079791562, 1.5611477732137473, 1.5409445454756687, 3.1080001989345893, 2.940456163160105, 0.6607954494138787], [1.5579034225375377, 2.1284788333715614, 1.5643898310895938, 1.6724836312686058, 3.12773358208762, 2.9361576032083123, 0.7180597483504152], [1.340640785664329, 1.9337792338076611, 1.6257961040686792, 1.4446660168203893, 3.104311748985139, 2.9889460885989054, 0.6445758163913795], [1.2990250178351976, 1.945327663739572, 1.5849227255670508, 1.340458964906742, 3.175048247376372, 2.9787496748851634, 0.6677471347925811], [1.367245301490969, 1.9165491032331419, 1.6038523770244724, 1.5767947892140537, 3.1237909066368927, 2.945232718788225, 0.7006583188257166]], "ES": [[38.04819040101023], [48.14942943376079], [39.49528843657313], [39.53981344224092], [42.25250719971528]], "VS": [268.5721240928921, 263.0926996262623, 277.0621863174043, 280.71077045256567, 262.50278866596403]}