{"CRPS": [[1.4182495434027569, 1.5723624844118775, 0.5635836629627629, 1.6199069564374413, 1.5188037388889835, 1.2965665754644882, 1.334030516233801], [1.4253784050254563, 1.5732925859467977, 0.6373089763210146, 1.658148669668998, 1.4918380822872832, 1.3145546747774821, 1.373969990381669], [1.4676571655304438, 1.6447192177022625, 0.5907393215934957, 1.685889147507216, 1.4995575152282776, 1.3610334471378156, 1.3032251856465236], [1.2283487711428733, 1.387464694205884, 0.6194527040625137, 1.4750103712410596, 1.5315431698997282, 1.3169120286324882, 1.312103590556982], [1.5651520268165915, 1.637411850151183, 0.5934547017129382, 1.6669579332093263, 1.5090681520153986, 1.2876316838288697, 1.3499627365448816]], "ES": [[10.604892248054966], [19.425779079723288], [12.990648405619112], [10.460673902125592], [20.623813767737825]], "VS": [90.55554087220597, 89.05438194445541, 90.26550452936817, 94.31242768768684, 89.51548634753678]}