{"CRPS": [[1.3441252868523135, 2.5348803337768295, 4.236258565839148, 8.902868662075184, 6.1046425627584435, 3.0880911562494036, 8.74690089070648], [1.4403670411525917, 2.780664663119869, 4.230564387767399, 9.376622748464188, 6.330708609034202, 3.03729613737731, 8.74593370547265], [1.4253301355975427, 3.137936603307048, 4.172983680812352, 9.588076306552667, 6.322402989347072, 3.063181965620137, 8.735227385128185], [1.281083776643679, 2.872597066184143, 4.286615853405465, 9.553635123623092, 6.117552692898306, 3.064756751175977, 8.756355684962429], [1.3199827265282447, 2.812405548414108, 4.25113594697601, 9.088329517450669, 6.258664314726188, 3.0450351768474677, 8.749758696767808]], "ES": [[338.3710970787496], [362.0630970950647], [370.26712100571314], [362.53055172295007], [351.1628217961027]], "VS": [2350.456202754808, 2469.5978543974743, 2507.0553068121335, 2495.135701751239, 2439.0416905972106]}