{"CRPS": [[1.268969629559217, 1.7287275620414475, 1.187166945706976, 7.245507580772877, 7.660903184890462, 4.949661567605459, 8.68171450776685], [1.275051747264733, 1.3041127777073516, 1.2291184074815205, 7.098184321192225, 7.4657927421446395, 5.032622346469485, 8.681234074722648], [1.2812485737343022, 1.632198771763834, 1.1849762870813392, 7.366099297788633, 7.528054010959442, 4.9408734128648515, 8.686161292583344], [1.423472500930403, 1.5340595770091077, 1.1289713744142291, 6.69699404042552, 7.501416266230953, 5.266349305024092, 8.670152007980745], [1.3095282763814153, 1.4846100500733146, 1.288094288863574, 6.914528152959738, 7.47611375418887, 5.282497933907897, 8.678180511116045]], "ES": [[333.44448480828817], [318.58857396062626], [329.39397121358206], [317.2327821560171], [323.0883840576129]], "VS": [2065.6748391486826, 2038.0118503896992, 2067.7550034430774, 1964.7319527700743, 1984.3985099005965]}