{"CRPS": [[1.3504922764241891, 1.9711158455768119, 1.404572237107783, 6.4361723141806, 6.0714225385722544, 4.717024936986485, 8.930895493725448], [1.2760655696603485, 2.125733062250861, 1.4044389980097025, 6.68998926969372, 6.239366336766927, 4.761397341493774, 8.930895494011606], [1.384775263333606, 2.0911307345152537, 1.4777404704830257, 6.498863074423924, 6.106695884338474, 4.7674478378323695, 8.930895493594424], [1.2114634695731015, 1.8021813462297886, 1.283965769269716, 6.030630721398738, 5.9583473849314705, 4.672951061901488, 8.930895493481648], [1.378756617249541, 2.1550092378933896, 1.302400649612288, 6.595417982488052, 6.0063011069210015, 4.839766153916449, 8.930895492774047]], "ES": [[297.8165961846151], [298.8152217486902], [299.6296138809355], [276.8614017774784], [295.9548308450699]], "VS": [1874.8287881302567, 1924.4427442495773, 1871.5955360545104, 1801.3692970970576, 1888.5944823323973]}