{"CRPS": [[1.2695253636230872, 1.6067033149899053, 1.6581139754912189, 1.322896499723328, 2.8618382257685773, 3.0472889270158476, 0.708301817454671], [1.3825585302696541, 1.8541883079769017, 1.6601969809651664, 1.553866763148153, 2.892964135164752, 3.0465518095734416, 0.7353624482463439], [1.1932397490424618, 1.6168733585698842, 1.6252339518348262, 1.3487519063197837, 2.8799108671963887, 3.0224144425868067, 0.7322790392702556], [1.2518476237917193, 1.6729412650767486, 1.596218439432213, 1.4056872795047852, 2.8707723175544806, 3.0181666249470203, 0.7066001337342837], [1.5814094808344175, 1.5843221624164872, 1.6150625245098909, 1.6424870205992024, 2.885108943702297, 3.0239094494152523, 0.6994325205256726]], "ES": [[30.447076652008967], [39.62696904623097], [30.09909104077249], [32.9822672495177], [38.247437367007485]], "VS": [243.24373602067476, 245.98807007221217, 241.2620390767213, 238.6516363402954, 235.91180596668462]}