{"CRPS": [[1.4784550760719948, 1.0657400190995663, 0.8888513931298863, 1.26056193563569, 0.8824093115701498, 1.224740063419825, 1.3415182788874442], [1.208167421095124, 1.0816189338018138, 0.821490001274414, 1.3529362798613143, 0.7962246669931041, 1.1546908054265586, 1.3920566753284056], [1.399679659488505, 1.2041797284259137, 0.8526426898152636, 1.4438546916102737, 0.8773277693587254, 1.1352910885584273, 1.4243378620333196], [1.4071639814506376, 1.1436159420592744, 0.8143473073483883, 1.4012780556071671, 0.8790063008479096, 1.2216901861611928, 1.358184442137094], [1.3637471545879845, 1.2097678810871566, 0.755747624778563, 1.453377807436304, 0.839614985596339, 1.0572068846969935, 1.408692076863986]], "ES": [[14.035375117207034], [10.486723395874753], [19.035599370569283], [14.959462348122615], [13.766566617820615]], "VS": [86.16842020442226, 96.28080083988827, 97.32753832423192, 95.23376289699571, 97.7904780346594]}