{"CRPS": [[1.3946554116692547, 1.97929839067181, 1.9590278964385666, 1.6855156864263217, 3.876926866689943, 3.241010866016594, 0.844780988021287], [1.4020787348039871, 1.9025644758773896, 1.8888800258547682, 1.8130913846026606, 3.893573712913352, 3.1997426947173606, 0.8643229853063847], [1.3942997463803104, 1.933783409142281, 1.9112906727447219, 1.7706592497649432, 3.8850724312269116, 3.2117527849527794, 0.839222007420956], [1.49266075108532, 2.033282614200482, 1.9807156678298985, 1.803791427958422, 3.896434708109538, 3.2536853068832934, 0.8396688849222855], [1.3306918218862211, 1.8020086606887644, 1.9031983019167242, 1.682507532729223, 3.8807506586609937, 3.2081476150711157, 0.8454419265393808]], "ES": [[48.97387538099266], [48.41930127290834], [44.811069534146895], [51.68019558528595], [40.73652296634269]], "VS": [320.85221914456633, 315.83037596207816, 322.1195934258305, 324.6114429924699, 317.3125916291734]}