{"CRPS": [[1.7821404926865834, 1.272897450249216, 6.091943228332381, 7.00703779424474, 4.666308402746376, 8.930894812754053, 1.3996696000133748], [1.7421111734026327, 1.2370005017867698, 6.300812295701103, 7.00066412274709, 4.82899010628931, 8.9308948539151, 1.4250995597876845], [1.4361453030153861, 1.325538392487124, 6.338236090614176, 6.850920382892998, 4.827093133750663, 8.930894906499113, 1.199888898065069], [1.918087746763129, 1.2300254689079237, 6.35585435078261, 6.742553220189724, 4.987385283044057, 8.930894796677054, 1.4795530525348386], [1.6910282323204038, 1.1646596982822035, 6.096328244813642, 6.75101295441162, 5.049809363131, 8.930894788354097, 1.3410144483884696]], "ES": [[295.9125959385902], [301.3400734203275], [289.19027667578973], [302.2689312481611], [293.3458179549029]]}