{"CRPS": [[1.414629067687745, 3.094550123368349, 4.302134752504288, 7.729120991948737, 5.070471432345572, 2.9787153459540887, 8.88083475297174], [1.3163105285043262, 3.361064884248521, 4.211502990078707, 8.200663873888843, 5.2510563086010675, 3.0297835652901166, 8.876037532127178], [1.4226315409045447, 3.186366426669278, 4.22967253910181, 7.786354793259074, 5.050603518244826, 3.003988287753791, 8.876943468962036], [1.3242649124357158, 3.209406181802131, 4.18029168314033, 7.941076237700066, 5.137413399378241, 3.066893991487413, 8.874348686972969], [1.3907543239479818, 3.0895404194712657, 4.327564236505833, 7.951654028618609, 5.155642792351598, 2.9771558026484843, 8.882317611138047]], "ES": [[308.61663539041774], [330.5547072396922], [319.72985943872163], [319.06638782286507], [323.6019801455681]], "VS": [2087.397167031491, 2276.0358675028747, 2174.9151030013904, 2184.9977603888133, 2204.1275837664743]}