{"CRPS": [[1.310164372253641, 1.566375419214428, 0.5695446977824201, 1.724446329947409, 1.1553007588462807, 1.3288891155062643, 1.3225614262560441], [1.512086968650463, 1.727206804408303, 0.5607414359264453, 1.9141499714346784, 1.228208008926499, 1.229636103967114, 1.4269134511707275], [1.2915042877595637, 1.4667960269250397, 0.667498494084015, 1.572806497853011, 1.1933073075199936, 1.375683010992337, 1.3277012840150961], [1.1426644603541345, 1.2482695995424884, 0.511688832674653, 1.3794915617502301, 1.2003003553627687, 1.2779857307370868, 1.3546568458930865], [1.2706779329626816, 1.4150543038665724, 0.5810897234965237, 1.5415013178001318, 1.1752611754511606, 1.3489382296666612, 1.3708356107198656]], "ES": [[19.49911295989898], [25.810316975527822], [9.982167160565995], [0.21347020248166518], [10.113743935173684]], "VS": [89.59536867864723, 92.87868919528117, 87.59455692758465, 83.63368788929249, 91.14972347182965]}