{"CRPS": [[1.2561590838402235, 2.982788506809568, 4.600974312199089, 8.098875417020967, 5.469709463783851, 3.1626572276346487, 8.930860823558834], [1.3088253951169695, 3.1149765133726386, 4.526790955425956, 8.301591832050764, 5.2835775648877545, 3.220917457986521, 8.930856701665473], [1.558363904997287, 3.263418058686106, 4.508791499293402, 8.471814145657707, 5.373098896415908, 3.2521283011971756, 8.930855701551316], [1.3776690400506255, 3.3272011882197754, 4.563241358349805, 8.682362143323274, 5.462676443218704, 3.2233448182481124, 8.930858726980565], [1.5007491936006017, 3.2199498296485216, 4.589570085176916, 8.321833105622524, 5.274365087028607, 3.2536452060891268, 8.930860189898798]], "ES": [[319.0644626960155], [325.8473664220703], [336.1511817806115], [339.25134161078313], [330.36868283588194]], "VS": [2218.297791034035, 2275.3821176829533, 2258.2731076007026, 2337.6103677275833, 2248.961861682856]}