{"CRPS": [[1.5415483180946576, 2.235878062792647, 1.3691876480508276, 6.914164865048033, 6.384308252667841, 4.623253375161436, 8.930769940329556], [1.384611071739574, 1.7934668741474142, 1.1821761860861488, 6.301340841620229, 6.273821509461837, 5.009293237064283, 8.930761909727904], [1.3495142923842687, 1.9278171897475158, 1.2040257060529875, 6.544802035784183, 6.503468997690974, 4.934295725018911, 8.930760181086946], [1.4158587613849778, 2.032520131993125, 1.3962687613589901, 6.575417422963703, 6.336003551081831, 4.990752627453681, 8.930771143961028], [1.2978946122246398, 2.0611223137618446, 1.1815327795433836, 6.53580629287945, 6.453982107981061, 5.0673017151820385, 8.930777189828312]], "ES": [[312.15999641025167], [289.1227297197352], [299.4306200381098], [303.25780403051334], [298.6963505815639]], "VS": [1897.014657308214, 1827.505830764777, 1884.7407971286002, 1873.1146546506973, 1869.2336855210938]}