{"CRPS": [[1.3407516422678463, 1.682725315276377, 1.1399634478613594, 6.219203965551291, 6.866452296416295, 4.945348158384523, 8.930894814225848], [1.2561406780566757, 1.6317094239432186, 1.3055222210815232, 6.329002546453832, 6.87584653788743, 4.869651527061618, 8.930894886499253], [1.5165870419569418, 1.7075002227256637, 1.338875690260662, 6.358408012886234, 6.790219081277056, 4.6623516789365755, 8.93089486749016], [1.273710022949499, 1.7705256028984249, 1.3450010767771823, 6.565518194629552, 6.810659209136685, 4.8476898667186035, 8.930894812442734], [1.3211232505620527, 1.7407748975277877, 1.2193842555005459, 6.098057298771843, 6.669009768212118, 4.837147570520794, 8.930894842538978]], "ES": [[295.2153969865103], [298.14406203642125], [299.6286471990572], [298.5399116967722], [288.08484441564246]], "VS": [1852.7966112871045, 1909.7146884485928, 1857.3020698881007, 1932.177780858893, 1810.912753750166]}