{"CRPS": [[1.4560779856655295, 1.7904344060678823, 0.6095744533249217, 1.935162275943968, 2.7201775206814096, 1.6572758908796397, 1.1692498589813634], [1.2753619223601496, 1.6582496732283099, 0.6294018946421661, 1.7740526678769557, 2.7108667694408655, 1.600413256392307, 1.2026366295387414], [1.5184189143349314, 1.9226770970197267, 0.6474534484386013, 1.9329787231300852, 2.7068811707152003, 1.6939991156250842, 1.1915446529452416], [1.460165929294557, 1.9657565926837433, 0.7284785668492998, 1.9909038546323528, 2.7121945800561926, 1.6866788986953218, 1.1853263003923797], [1.3616891410961853, 1.8893042654751744, 0.7260245910934318, 1.8290737040855838, 2.699701548284918, 1.6925157540948772, 1.1610703599844254]], "ES": [[27.919514976869337], [13.129348398049654], [30.300769318230305], [27.602963846482453], [25.581947540712864]], "VS": [155.5176634995272, 156.775888926165, 155.1743233388563, 153.5906867089969, 152.7622305350848]}