{"CRPS": [[771.0883310605027, 250.82882473554218, 176.64982755112612, 424.21670775125546, 195.96836858068258, 316.6034557567209, 160.94621793178732, 161.68744799506842, 187.0954679967147, 158.66706958257947, 102.24419133425789, 84.67297765849874, 183.22103416734504, 66.83112600397328, 132.08619867322204, 66.9882453732001, 97.51894335829932, 65.65958631487473, 79.74017104251536, 312.55571348729944, 119.19558897513487, 120.29575627639645, 110.586943504492, 96.4436203927447, 65.44182515562775, 99.19409836009127, 65.03685039510495, 267.8574558206643, 109.9547612030672, 81.55561863663581, 58.15310473387108, 74.61908244983121, 66.87693834938058, 132.89328813073075, 50.83373362191041, 167.39631758003608, 74.51505859366377, 81.94485658435991, 182.79844973265395, 102.24419133425789, 91.24556277164871, 27.246604472833667, 67.11153291087375, 85.69188322747486, 79.3991613812162, 71.26073736039245, 43.44454345592828, 39.51801881023352, 66.83112600397328, 141.64970669934414, 131.51828909620227, 58.65690224327468, 66.9882453732001, 42.43547555353751, 44.93163480751277, 44.23266174850853, 39.21607252675801, 43.41721921643955, 87.34298947109825, 37.24903570099802, 15.54115489491995, 6.734726317375364, 8.27504264319366, 39.530767379923184, 35.44219720057969, 52.326075576904685, 27.7458514425116, 24.598219098787283, 35.634871903976006, 35.420009046447746, 167.865366006243, 201.03044664007993, 92.43122682235425, 102.48852170793067, 47.85177680831424, 63.15768371557977, 57.10560468880324, 45.82611077858324, 50.99188517522621, 111.6410588062224, 121.681439372772, 50.04552633933981, 84.54768788341082, 16.087214824406516, 21.43273301148603, 38.78902682140646, 42.028662885393715, 22.64730673238331, 23.143487566810723, 21.614309150055128, 18.900124668530953, 80.94343938835463, 45.21859602153627, 49.11764859055476, 87.62964941887641, 78.02595451221978, 171.26138000496306, 109.9547612030672, 81.55561863663581, 58.15310473387108, 30.070628225263903, 52.389855244088686, 52.48257984261104, 22.959338427929644, 71.88952899089671, 46.562316621296866, 35.04062928022476, 10.984109704212159, 20.508402958578365, 31.958056880059438, 15.987497121872487]], "ES": [5322825.217464347], "VS": [6577707070.830663]}