"t","Base","BottomUp","JPP","OLS","OLSv","WLS","WLSv","MinTShr","MinTShrv","EnergyScore_Opt"
1,468.273101260361,527.249120874425,1084.85357404045,441.698609230889,429.890944552886,460.126479124721,423.553813268767,401.762805777826,397.928063116352,302.667303414606
2,446.333346028746,478.349668713733,1067.37744422822,429.776544486237,419.574206725948,440.982100640463,414.646366996785,404.20510430304,397.62593000236,286.7637032215
3,449.084498032223,518.972697308052,1085.15427727282,420.668583578752,406.926476957211,441.554293909329,400.148260045456,385.109732754439,384.248983462653,307.796885238412
4,454.312857452465,509.563537997783,1069.46872921938,430.538820141892,417.36180503655,448.210414443284,411.044402032097,398.754103691204,394.170658079876,305.838325468775
5,446.015935896606,488.854316964898,1049.79188723415,423.187239464313,415.980237069733,436.895279599777,409.871279979568,397.004559664934,397.194884009708,305.193385034708
