series,Basec,BottomUpc,JPPc,OLSc,OLScv,WLSc,WLScv,MinTSamc,MinTSamcv,MinTShrc,MinTShrcv,EnergyScore_Opt,EnergyScore_Opt_v2
1,1.357810433722396,4.559571183246016,15.13588469235332,2.046546109538518,1.357810433722396,2.86697959072106,1.357810433722396,1.585543167328016,1.357810433722396,1.503014374524384,1.357810433722396,1.311654145574014,1.3621777933548742
2,4.1164071159501,3.7416003189782545,9.547225359792092,3.0888854115677162,2.532824539557672,3.359021125909018,2.42722553952645,2.05122612769366,1.898257291081808,2.0553684759594417,1.939024833294966,1.536741747719011,2.8276968429603997
3,1.880327641962508,2.042432180794184,5.877535215044616,1.995676854945998,2.393505692385524,1.824925680169524,2.296204569890784,1.795012617378632,1.8110713037610822,1.8101495653869482,1.8426119664617162,1.2036654607095278,4.235511686960075
4,5.3599464302153255,5.3599464302153255,9.301859197059338,5.7522606943061465,6.232042168734412,5.5682101302901446,6.353285337396278,7.1146449806849645,7.231568539864398,6.760491597759888,7.070320027542701,7.064262678627799,9.30190647163316
5,9.91333790021322,9.91333790021322,14.23775126922024,9.657736216667962,9.1436562180526,9.821599260305684,8.994843876262566,8.854980382431325,7.992944193925046,8.474182193040573,8.169727393781125,7.526455991682873,6.226794233752843
6,3.9210214416882865,3.9210214416882865,7.69138916877385,5.226824151360978,5.704614041581294,4.798978643961908,5.574255688564736,4.63307974601501,4.676293695325778,4.76711569866011,4.925915944776913,5.094400913174357,3.059672237454059
7,5.306682319570672,5.306682319570672,7.1902539657044215,4.0068714035592325,3.6101203208747763,4.395302501980106,3.7150396605126517,4.572980877421002,4.429437983532402,4.448412958148298,4.386459981006125,8.679488478833926,8.746835272607509
