"","t","Base","BottomUp","JPP","OLS","OLSv","WLS","WLSv","MinTSam","MinTSamv","MinTShr","MinTShrv"
"1",1,37.5210011873168,43.8871707357352,135.267908216033,32.9718650859545,28.2314588833795,37.1175482780743,27.7815541714772,876.827230935581,213.151481496716,35.6405335450711,27.8509186893453
"2",2,31.1094912747099,40.4332014747494,132.655687768525,29.1773488877659,20.7416611789214,34.4667654076897,20.4008592716176,-551.000201563152,-118.663093012885,31.0671226042173,20.1632934271913
"3",3,35.1438842471088,40.29938095965,134.954483279126,30.4398193506123,28.9051722370808,33.7029195053699,28.3958229389174,370.196109971667,95.9267795618619,31.9059760373545,28.1746587179118
"4",4,33.3100823760012,42.1691911837332,133.579123829044,31.155860785255,23.0089912060943,36.3440083989963,22.4608033438144,148.871802967176,45.0066037908285,32.0593447651901,21.947142277376
"5",5,35.1644591836449,45.3480827458878,136.543245245824,30.5301780100267,26.0929933423792,36.5795469068478,26.2193624012611,-215.705344952689,10.1859369120924,32.4554419968876,27.4483250646914
