"","t","Base","BottomUp","JPP","OLS","OLSv","WLS","WLSv","MinTSam","MinTSamv","MinTShr","MinTShrv"
"1",1,447.481763701032,482.599251482286,1077.56155187562,429.357756912418,413.878291160193,442.351988171648,406.084367161141,406.157654916469,376.486968265514,385.312374001178,383.584834056031
"2",2,451.200997806922,517.041922653386,1051.34598671171,431.871133976657,410.656128000533,452.367546470725,404.429206470088,406.731365626836,376.208450919197,385.147380363432,382.375635507333
"3",3,408.274688731933,443.670849273179,1039.06027237444,391.495261869564,378.752871166465,403.896519037034,372.579775766411,381.500523329014,352.972003651326,360.678408392758,358.703949205278
"4",4,450.590077587529,490.543134016609,1079.03390367686,431.856159980338,419.915123497638,444.802550630489,413.012240490165,415.228149571951,384.86095391885,393.042036921186,391.624944720382
"5",5,411.742372982061,445.777501331451,1048.77879933097,394.564246128725,383.50223988483,406.133239203815,377.60594954805,385.716452339586,359.467657528281,364.232207980351,364.424241970779
