"","t","Base","BottomUp","JPP","OLS","OLSv","WLS","WLSv","MinTSam","MinTSamv","MinTShr","MinTShrv"
"1",1,431.796516629658,479.301211915059,1057.72297989813,410.243114725271,399.328918476499,419.647621989615,392.497891411703,349.853726441144,359.342919054247,370.518988946235,368.353525953959
"2",2,442.307687932873,478.030291901104,1072.71427940802,420.598219749575,413.384492512255,432.746688681031,405.36517225237,374.413119186478,376.664452777385,377.234540220808,384.188166817343
"3",3,426.761027363675,454.602045429604,1052.15027532131,412.377880703219,402.050804910569,425.788581559525,396.017673049446,324.113281259935,371.585109584384,362.207530923396,378.177694574071
"4",4,414.578188279554,475.070224784635,1050.83266062237,384.346584887321,378.273642941081,402.076047413501,373.746117949753,306.490417178603,362.881676732951,343.401900083261,368.199196029249
"5",5,424.691325432898,453.508623236834,1048.52266861053,404.420129657903,387.204892757455,421.010261280768,379.647971792234,368.052835229418,352.689832597078,372.540477298441,359.877770295325
