"","t","Base","BottomUp","JPP","OLS","OLSv","WLS","WLSv","MinTSam","MinTSamv","MinTShr","MinTShrv"
"1",1,454.766155960171,471.795530571105,1074.37928651273,445.063578691428,428.971171260595,456.284876427912,423.007280025981,408.306634453613,392.948241707318,393.650342387525,397.970346434695
"2",2,426.003925331929,455.006695354471,1028.52082974899,414.90212834068,399.049628066488,426.809784630542,394.509338622662,389.171744315864,369.756227806225,376.787430542462,377.000297074421
"3",3,457.604201123258,480.304223675358,1071.86266570806,440.864360263706,427.606562171173,454.226532548287,423.463550257701,424.996776701862,398.501683951159,399.808375453105,401.497461859496
"4",4,447.146243301451,491.6581541391,1072.02826082399,434.134034024073,423.435014871521,445.693489327283,420.155873743072,424.206617874332,392.006995488773,402.071276384243,398.137977746597
"5",5,424.028012552167,490.030234312733,1060.96210969079,406.008974213699,397.091188236276,421.799614379676,389.895070484918,379.030213448112,361.747983110982,367.781834718238,370.847340352483
